{"cameraMode":{"drawMode":0,"name":"Shaded","section":"Shading Mode"},"sceneLighting":true,"audioPlay":false,"sceneViewState":{"showFog":true,"showMaterialUpdate":false,"showSkybox":true,"showFlares":true,"showImageEffects":true,"showParticleSystems":true},"in2DMode":false,"pivot":{"x":4.28125,"y":13.91812515258789,"z":-1.6868751049041749},"rotation":{"x":-0.09157503396272659,"y":-0.4065275490283966,"z":0.04099045693874359,"w":-0.9081130027770996},"size":54.41115188598633,"orthographic":true}